Rk,Player,Nation,Pos,Squad,Age,Born,90s,Tkl,TklW,Def 3rd,Mid 3rd,Att 3rd,Tkl,Att,Tkl%,Past,Press,Succ,%,Def 3rd,Mid 3rd,Att 3rd,Blocks,Sh,ShSv,Pass,Int,Tkl+Int,Clr,Err,Matches
4,Ramón Ábila\Ramon-Abila,ar ARG,FW,D.C. United,31-327,1989,0.7,0,0,0,0,0,0,0,,0,11.4,2.86,25,0,2.86,8.57,0,0,0,0,0,0,0,0,Matches
5,Ramón Ábila\Ramon-Abila,ar ARG,FW,Minnesota Utd,31-327,1989,3,0,0,0,0,0,0,0,,0,10.3,1.67,16.1,0.67,3.33,6.33,0.33,0.33,0,0,0,0,0.67,0,Matches
15,Fanendo Adi\Fanendo-Adi,ng NGA,FW,Minnesota Utd,30-331,1990,0.4,0,0,0,0,0,0,0,,0,5,0,0,0,2.5,2.5,0,0,0,0,0,0,0,0,Matches
21,Arnaud Ake\Arnaud-Ake,ci CIV,FW,Nashville,23-158,1998,1.7,1.18,1.18,0.59,0,0.59,0,0.59,0,0.59,22.4,3.53,15.8,1.76,12.4,8.24,0,0,0,0,0.59,1.76,1.18,0,Matches
22,Tesho Akindele\Tesho-Akindele,ca CAN,FW,Orlando City,29-159,1992,12.9,0.47,0.39,0.08,0.23,0.16,0.16,0.54,28.6,0.39,24.3,6.2,25.5,1.47,10.2,12.6,1.4,0.23,0,1.16,0.39,0.85,1.32,0,Matches
23,Ayo Akinola\Ayo-Akinola,ca CAN,FW,Toronto FC,21-229,2000,7.2,0.14,0,0,0.14,0,0,0.28,0,0.28,16.7,2.78,16.7,1.11,6.39,9.17,0.28,0,0,0.28,0.14,0.28,0.42,0,Matches
30,Alexander Alvarado\Alexander-Alvarado,ec ECU,FW,Orlando City,22-138,1999,1.3,1.54,0.77,0,1.54,0,0.77,2.31,33.3,1.54,23.8,4.62,19.4,6.92,12.3,4.62,3.08,2.31,0,0.77,0.77,2.31,0.77,0,Matches
54,Edison Azcona\Edison-Azcona,do DOM,FW,Inter Miami,17-289,2003,0.6,3.33,3.33,0,3.33,0,0,3.33,0,3.33,23.3,5,21.4,1.67,3.33,18.3,3.33,0,0,3.33,1.67,5,0,0,Matches
55,Dominique Badji\Dominique-Badji,sn SEN,FW,Nashville,28-325,1992,2.1,2.38,1.9,0.48,1.43,0.48,0.95,0.95,100,0,17.1,4.29,25,1.9,9.05,6.19,0.95,0,0,0.95,0.48,2.86,0,0,Matches
58,Theo Bair\Theo-Bair,ca CAN,FW,Vancouver,22-010,1999,0.3,0,0,0,0,0,0,0,,0,20,6.67,33.3,0,20,0,0,0,0,0,0,0,3.33,0,Matches
59,Corey Baird\Corey-Baird,us USA,FW,Houston Dynamo,25-219,1996,2,1.5,0.5,1,0,0.5,1,3,33.3,2,21.5,3.5,16.3,8.5,6,7,0.5,0.5,0,0,1,2.5,0.5,0,Matches
60,Corey Baird\Corey-Baird,us USA,FW,Los Angeles FC,25-219,1996,8.3,1.2,0.84,0.36,0.48,0.36,0.24,1.69,14.3,1.45,25.5,8.19,32.1,3.25,8.92,13.4,0.96,0,0,0.96,0.72,1.93,0.24,0,Matches
82,Robert Beri?\Robert-Beric,si SVN,FW,Chicago Fire,30-081,1991,16.5,0.42,0.3,0,0.18,0.24,0.06,0.67,9.1,0.61,16.7,4,23.9,1.03,7.45,8.24,1.21,0.18,0,1.03,0.42,0.85,0.18,0,Matches
83,Miguel Berry\Miguel-Berry,es ESP,FW,Columbus Crew,23-355,1997,3,0.67,0.33,0.33,0,0.33,0.67,1.33,50,0.67,22.7,6.67,29.4,3.67,9,10,1,0.33,0,0.67,0.33,1,1.33,0,Matches
99,Gustavo Bou\Gustavo-Bou,ar ARG,FW,New England,31-200,1990,18.2,1.15,0.38,0.11,0.38,0.66,0.27,0.77,35.7,0.49,13.4,2.97,22.1,1.32,4.07,8.02,0.77,0.05,0,0.71,0.44,1.59,0.27,0,Matches
104,Brenner\Brenner,br BRA,FW,FC Cincinnati,21-233,2000,19.6,0.92,0.71,0.2,0.41,0.31,0.2,0.82,25,0.61,14.6,3.78,25.9,1.02,6.73,6.84,0.82,0.15,0,0.66,0.56,1.48,0.92,0,Matches
110,Will Bruin\Will-Bruin,us USA,FW,Seattle,31-317,1989,7.8,1.03,0.51,0,0.64,0.38,0.26,1.15,22.2,0.9,15.9,4.87,30.6,1.28,8.33,6.28,0.51,0.26,0,0.26,0.38,1.41,0.9,0,Matches
112,Adam Buksa\Adam-Buksa,pl POL,FW,New England,25-056,1996,16.9,0.83,0.47,0.06,0.53,0.24,0.18,0.89,20,0.71,16.3,3.96,24.4,0.71,6.69,8.88,0.77,0.18,0,0.59,0.3,1.12,1.12,0,Matches
118,Handwalla Bwana\Handwalla-Bwana,us USA,FW,Nashville,24-073,1997,1.1,2.73,2.73,0.91,1.82,0,0.91,1.82,50,0.91,24.5,12.7,51.9,8.18,12.7,3.64,0.91,0,0,0.91,1.82,4.55,0,0,Matches
121,Jhonder Cádiz\Jhonder-Cadiz,ve VEN,FW,Nashville,26-039,1995,6.1,1.31,0.66,0,1.15,0.16,0.33,0.66,50,0.33,19.7,4.75,24.2,0.66,11,8.03,0.66,0.16,0,0.49,0,1.31,0.66,0,Matches
139,Valentín Castellanos\Valentin-Castellanos,ar ARG,FW,NYCFC,22-338,1998,20.1,0.65,0.55,0,0.2,0.45,0.15,0.85,17.6,0.7,20.2,4.88,24.1,0.4,7.11,12.7,1.24,0.1,0,1.14,0.3,0.95,1,0,Matches
141,Lucas Cavallini\Lucas-Cavallini,ca CAN,FW,Vancouver,28-252,1992,10.7,1.03,0.47,0.28,0.47,0.28,0.37,0.65,57.1,0.28,14.7,3.46,23.6,1.03,7.94,5.7,1.03,0.19,0,0.84,0.37,1.4,1.12,0,Matches
151,Machop Chol\Machop-Chol,SUD,FW,Atlanta Utd,22-296,1998,4.7,1.28,0.43,0.21,0.64,0.43,0.85,1.28,66.7,0.43,13.8,2.77,20,2.34,6.6,4.89,1.28,0.21,0,1.06,1.49,2.77,0.64,0,Matches
158,Jackson Conway\Jackson-Conway,us USA,FW,Atlanta Utd,19-277,2001,2.4,1.25,0.83,0,0.42,0.83,0,0.83,0,0.83,15.4,2.92,18.9,2.5,5.42,7.5,0.42,0,0,0.42,0,1.25,0.42,0,Matches
163,Cade Cowell\Cade-Cowell,us USA,FW,San Jose,17-327,2003,14.1,1.13,0.64,0.21,0.28,0.64,0.28,0.99,28.6,0.71,18.7,4.33,23.1,2.41,7.94,8.37,0.57,0,0,0.57,0.43,1.56,0.21,0,Matches
184,Luis Díaz\Luis-Diaz,cr CRC,FW,Columbus Crew,22-274,1998,8.7,1.72,1.38,0.92,0.46,0.34,0.34,1.38,25,1.03,17.5,4.48,25.7,4.37,6.32,6.78,1.03,0,0,1.03,1.38,3.1,0.34,0,Matches
186,Daryl Dike\Daryl-Dike,us USA,FW,Orlando City,21-095,2000,4.1,0,0,0,0,0,0,0.73,0,0.73,14.9,1.95,13.1,0.24,5.85,8.78,0.49,0.49,0,0,0.49,0.49,0.73,0,Matches
188,Moussa Djitte\Moussa-Djitte,sn SEN,FW,Austin FC,21-337,1999,0.3,3.33,3.33,0,0,3.33,0,3.33,0,3.33,10,10,100,0,0,10,0,0,0,0,0,3.33,0,0,Matches
202,Dom Dwyer\Dom-Dwyer,us USA,FW,Toronto FC,31-038,1990,3.3,0.91,0.3,0,0.3,0.61,0,0.3,0,0.3,18.5,3.33,18,0.3,8.18,10,0,0,0,0,0.3,1.21,2.12,0,Matches
203,Jeremy Ebobisse\Jeremy-Ebobisse,us USA,FW,San Jose,24-204,1997,3.7,0,0,0,0,0,0,0.81,0,0.81,8.38,1.08,12.9,0.27,2.97,5.14,0.54,0.27,0,0.27,0.27,0.27,0.54,0,Matches
218,Fábio\Fabio,br BRA,FW,NY Red Bulls,24-104,1997,16.8,0.6,0.3,0.06,0.42,0.12,0.12,0.89,13.3,0.77,19.3,5.54,28.7,1.37,7.2,10.7,1.31,0.12,0,1.19,0.3,0.89,0.83,0,Matches
230,Ethan Finlay\Ethan-Finlay,us USA,FW,Minnesota Utd,31-031,1990,11.3,1.68,0.88,0.53,0.97,0.18,0.71,2.04,34.8,1.33,21.6,4.42,20.5,4.51,9.73,7.35,1.68,0.18,0,1.5,0.71,2.39,0.44,0,Matches
295,Wilson Harris\Wilson-Harris,us USA,FW,Sporting KC,21-282,1999,1.9,2.11,1.05,0.53,0.53,1.05,0,0.53,0,0.53,31.6,10,31.7,3.16,10.5,17.9,2.11,0.53,0,1.58,0,2.11,0.53,0,Matches
303,Javier Hernández\Javier-Hernandez,mx MEX,FW,LA Galaxy,33-097,1988,9.6,1.04,0.73,0,0.63,0.42,0.42,0.63,66.7,0.21,9.17,2.19,23.9,0.42,3.44,5.31,0.31,0,0,0.31,0.1,1.15,0.63,0,Matches
307,Gonzalo Higuaín\Gonzalo-Higuain,ar ARG,FW,Inter Miami,33-270,1987,17,0.76,0.53,0.29,0.29,0.18,0.12,1.47,8,1.35,11.2,2.59,23.2,0.94,4.65,5.59,0.47,0.06,0,0.41,0.29,1.06,0.88,0,Matches
309,Danny Hoesen\Danny-Hoesen,nl NED,FW,Austin FC,30-234,1991,3.4,0.29,0.29,0.29,0,0,0,0.59,0,0.59,24.7,6.76,27.4,4.12,6.76,13.8,0.59,0.29,0,0.29,0.29,0.59,0.29,0,Matches
310,Ian Hoffmann\Ian-Hoffmann,de GER,FW,Houston Dynamo,19-363,2001,0.1,0,0,0,0,0,0,0,,0,20,0,0,0,20,0,0,0,0,0,0,0,0,0,Matches
313,Adrien Hunou\Adrien-Hunou,fr FRA,FW,Minnesota Utd,27-230,1994,10.9,0.73,0.37,0,0.28,0.46,0.37,0.92,40,0.55,15.2,4.04,26.5,0.64,4.95,9.63,0.92,0.09,0,0.83,0.28,1.01,0.18,0,Matches
315,Erik Hurtado\Erik-Hurtado,us USA,FW,CF Montréal,30-295,1990,3.2,0.31,0,0.31,0,0,0,0.63,0,0.63,15.3,4.38,28.6,0.94,4.69,9.69,0.94,0,0,0.94,0.31,0.63,0.31,0,Matches
325,Stanislav Ivanov\Stanislav-Ivanov,bg BUL,FW,Chicago Fire,22-143,1999,2.5,0.8,0.8,0,0.4,0.4,0.4,0.4,100,0,17.2,4.8,27.9,4,7.6,5.6,1.2,0,0,1.2,0,0.8,0,0,Matches
327,Franco Jara\Franco-Jara,ar ARG,FW,FC Dallas,33-053,1988,10.7,0.65,0.37,0.09,0.47,0.09,0.28,0.84,33.3,0.56,19.3,4.77,24.8,1.4,8.32,9.53,1.12,0.28,0,0.84,0.37,1.03,0.37,0,Matches
329,Cal Jennings\Cal-Jennings,us USA,FW,Los Angeles FC,24-112,1997,1.4,0.71,0,0,0.71,0,0,0.71,0,0.71,25.7,4.29,16.7,4.29,10,11.4,0.71,0,0,0.71,0,0.71,0,0,Matches
331,Bjørn Johnsen\Bjorn-Johnsen,no NOR,FW,CF Montréal,29-304,1991,8.6,1.4,0.7,0.23,0.7,0.47,0.35,1.05,33.3,0.7,25.6,7.09,27.7,1.98,12.3,11.3,1.16,0.35,0,0.81,0.23,1.63,1.16,0.12,Matches
339,Dejan Jovelji?\Dejan-Joveljic,rs SRB,FW,LA Galaxy,22-030,1999,3.6,0.83,0.28,0.28,0.56,0,0.56,0.56,100,0,11.1,4.17,37.5,0.56,4.44,6.11,0.56,0.28,0,0.28,0.28,1.11,0.83,0,Matches
346,Ola Kamara\Ola-Kamara,no NOR,FW,D.C. United,31-326,1989,10,0.5,0.4,0.1,0,0.4,0.2,0.6,33.3,0.4,14.2,4,28.2,0.8,5.5,7.9,0.2,0,0,0.2,0.3,0.8,0.1,0,Matches
362,Patryk Klimala\Patryk-Klimala,pl POL,FW,NY Red Bulls,23-032,1998,12.6,0.32,0.24,0,0.24,0.08,0.08,0.63,12.5,0.56,17.3,4.76,27.5,0.63,5.56,11.1,0.95,0.32,0,0.63,0.16,0.48,0.16,0,Matches
367,Franko Kova?evi?\Franko-Kovacevic,hr CRO,FW,FC Cincinnati,22-029,1999,0.5,0,0,0,0,0,0,0,,0,20,8,40,2,4,14,0,0,0,0,0,0,0,0,Matches
371,Foster Langsdorf\Foster-Langsdorf,us USA,FW,Minnesota Utd,25-266,1995,0.4,2.5,2.5,0,2.5,0,0,2.5,0,2.5,20,5,25,0,10,10,0,0,0,0,0,2.5,0,0,Matches
381,Niccolo Lemoine\Niccolo-Lemoine,us USA,FW,Houston Dynamo,21-149,2000,0.7,1.43,1.43,0,1.43,0,1.43,1.43,100,0,20,2.86,14.3,4.29,12.9,2.86,0,0,0,0,0,1.43,1.43,0,Matches
383,Jonathan Lewis\Jonathan-Lewis,us USA,FW,Colorado Rapids,24-094,1997,6.8,1.32,1.03,0.44,0.88,0,0,0.29,0,0.29,14.6,3.24,22.2,1.76,6.32,6.47,1.03,0.29,0,0.74,0.15,1.47,0.88,0,Matches
389,Robin Lod\Robin-Lod,fi FIN,FW,Minnesota Utd,28-142,1993,11.4,1.4,1.23,0.61,0.53,0.26,0.44,2.02,21.7,1.58,19.2,6.75,35.2,2.63,6.93,9.65,0.96,0.09,0,0.88,0.44,1.84,0.79,0,Matches
394,Lisandro López\Lisandro-Lopez,ar ARG,FW,Atlanta Utd,38-188,1983,1.6,0,0,0,0,0,0,0.63,0,0.63,24.4,6.25,25.6,0,10.6,13.8,1.25,0,0,1.25,0,0,0,0,Matches
414,Douglas Martinez\Douglas-Martinez,hn HON,FW,Real Salt Lake,24-093,1997,0.6,0,0,0,0,0,0,1.67,0,1.67,21.7,5,23.1,1.67,8.33,11.7,3.33,0,0,3.33,0,0,0,0,Matches
415,Josef Martínez\Josef-Martinez,ve VEN,FW,Atlanta Utd,28-110,1993,11.5,0.17,0.17,0.09,0.09,0,0,0.09,0,0.09,5.83,1.48,25.4,0.35,2,3.48,0.43,0,0,0.43,0.35,0.52,0.43,0,Matches
454,Felipe Mora\Felipe-Mora,cl CHI,FW,Portland Timbers,28-035,1993,13.4,0.3,0.22,0,0.15,0.15,0.07,0.15,50,0.07,10.2,2.24,21.9,0.9,4.1,5.22,0.37,0.15,0,0.22,0.45,0.75,1.04,0,Matches
460,Santiago Moreno\Santiago-Moreno,co COL,FW,Portland Timbers,21-138,2000,0.3,6.67,6.67,3.33,0,3.33,0,10,0,10,50,16.7,33.3,30,10,10,0,0,0,0,3.33,10,0,0,Matches
470,Daniel Musovski\Daniel-Musovski,us USA,FW,Los Angeles FC,25-280,1995,3.6,2.78,1.39,0.56,1.11,1.11,0.56,1.11,50,0.56,30.3,6.39,21.1,3.61,10,16.7,0,0,0,0,1.11,3.89,1.11,0,Matches
483,Jaros?aw Niezgoda\Jaroslaw-Niezgoda,pl POL,FW,Portland Timbers,26-175,1995,0.1,0,0,0,0,0,0,0,,0,10,0,0,0,0,10,0,0,0,0,0,0,0,0,Matches
484,Chinonso Nnamdi Offor\Chinonso-Nnamdi-Offor,ng NGA,FW,Chicago Fire,21-102,2000,9,1.56,1.11,0.22,0.78,0.56,0.33,1.22,27.3,0.89,19.2,5.22,27.2,2.89,7.67,8.67,1.22,0.22,0,1,0.44,2,0.67,0,Matches
492,Kwadwo Opoku\Kwadwo-Opoku,gh GHA,FW,Los Angeles FC,20-055,2001,2.8,1.43,0.71,0.36,0.36,0.71,0.71,1.43,50,0.71,32.5,9.64,29.7,5.36,11.4,15.7,0.71,0,0,0.71,0.71,2.14,1.43,0,Matches
503,Tyler Pasher\Tyler-Pasher,ca CAN,FW,Houston Dynamo,27-132,1994,7.3,1.23,0.68,0.27,0.41,0.55,0,0.14,0,0.14,9.45,3.97,42,1.64,3.29,4.52,0.82,0,0,0.82,0.27,1.51,0.27,0,Matches
504,Alexandre Pato\Alexandre-Pato,br BRA,FW,Orlando City,32-004,1989,0.9,0,0,0,0,0,0,0,,0,5.56,2.22,40,0,3.33,2.22,0,0,0,0,0,0,0,0,Matches
507,Joshua Penn\Joshua-Penn,us USA,FW,Inter Miami,20-285,2000,0.2,0,0,0,0,0,0,0,,0,5,0,0,5,0,0,0,0,0,0,0,0,0,0,Matches
508,Ricardo Pepi\Ricardo-Pepi,us USA,FW,FC Dallas,18-240,2003,15.1,0.99,0.66,0.46,0.4,0.13,0.26,1.26,21.1,0.99,24.8,6.16,24.8,3.38,10.9,10.6,0.33,0.07,0,0.26,0.66,1.66,0.53,0,Matches
515,Jordan Perruzza\Jordan-Perruzza,ca CAN,FW,Toronto FC,20-233,2001,0.7,2.86,1.43,0,2.86,0,0,0,,0,27.1,5.71,21.1,4.29,10,12.9,1.43,0,0,1.43,0,2.86,0,0,Matches
533,Kacper Przyby?ko\Kacper-Przybylko,pl POL,FW,Philadelphia,28-165,1993,18.8,0.53,0.21,0.16,0.21,0.16,0.05,0.53,10,0.48,10.2,2.93,28.8,0.8,4.63,4.73,0.59,0.21,0,0.37,0.21,0.74,1.17,0,Matches
534,Alan Pulido\Alan-Pulido,mx MEX,FW,Sporting KC,30-182,1991,14.7,0.88,0.54,0.07,0.34,0.48,0.07,0.88,7.7,0.82,15,4.15,27.7,0.2,5.99,8.78,0.48,0.2,0,0.27,0.27,1.16,0.2,0,Matches
541,Romell Quioto\Romell-Quioto,hn HON,FW,CF Montréal,30-028,1991,8.1,0,0,0,0,0,0,0,,0,7.9,1.23,15.6,0.25,4.07,3.58,0.37,0,0,0.37,0.25,0.25,0,0,Matches
544,Christian Ramirez\Christian-Ramirez,us USA,FW,Houston Dynamo,30-155,1991,1,0,0,0,0,0,0,0,,0,31,4,12.9,3,19,9,0,0,0,0,1,1,4,0,Matches
550,Justin Rennicks\Justin-Rennicks,us USA,FW,New England,22-170,1999,0,0,0,0,0,0,0,0,,0,2,1,50,0,2,0,0,0,0,0,0,0,0,0,Matches
556,Tosaint Ricketts\Tosaint-Ricketts,ca CAN,FW,Vancouver,34-031,1987,1.4,0.71,0.71,0,0.71,0,0,1.43,0,1.43,27.1,7.86,28.9,1.43,10.7,15,0.71,0,0,0.71,0.71,1.43,0,0,Matches
577,Diego Rossi\Diego-Rossi,uy URU,FW,Los Angeles FC,23-185,1998,18.4,0.33,0.33,0.05,0.05,0.22,0.11,0.98,11.1,0.87,19,4.84,25.4,1.9,7.23,9.89,0.49,0.05,0,0.43,0.54,0.87,0.6,0,Matches
581,Rubio Rubin\Rubio-Rubin,us USA,FW,Real Salt Lake,25-189,1996,16.8,0.36,0.18,0.12,0.06,0.18,0.12,0.24,50,0.12,13.3,4.05,30.4,0.48,4.88,7.98,0.3,0.12,0,0.18,0.18,0.54,0.36,0,Matches
582,Diego Rubio\Diego-Rubio,cl CHI,FW,Colorado Rapids,28-114,1993,12.8,1.33,0.94,0.23,0.7,0.39,0.55,1.02,53.8,0.47,15.2,3.05,20,0.94,7.58,6.72,1.09,0.31,0,0.78,0.55,1.88,0.47,0,Matches
583,Raúl Ruidíaz\Raul-Ruidiaz,pe PER,FW,Seattle,31-043,1990,20.7,0.19,0.1,0.1,0.05,0.05,0,0.39,0,0.39,13.1,3,22.8,1.16,5.02,6.96,0.48,0.05,0,0.43,0.29,0.48,0.1,0,Matches
586,Johnny Russell\Johnny-Russell,sct SCO,FW,Sporting KC,31-151,1990,14.8,1.08,0.54,0.34,0.34,0.41,0.41,1.76,23.1,1.35,15.9,3.51,22,2.3,6.49,7.16,1.01,0.14,0,0.88,0.74,1.82,0.34,0,Matches
588,Dániel Sallói\Daniel-Salloi,hu HUN,FW,Sporting KC,25-049,1996,19.1,0.68,0.58,0.31,0.21,0.16,0.1,0.52,20,0.42,16.4,4.08,24.9,2.57,5.81,8.01,0.84,0.05,0,0.79,0.94,1.62,0.16,0,Matches
591,Sergio Santos Gomes\Sergio-Santos-Gomes,br BRA,FW,Philadelphia,27-002,1994,11.7,1.03,0.85,0.09,0.77,0.17,0.17,0.68,25,0.51,20.7,5.04,24.4,1.62,7.01,12.1,0.94,0.17,0,0.77,0.34,1.37,0.34,0.09,Matches
593,C.J. Sapong\CJ-Sapong,us USA,FW,Nashville,32-253,1988,15.3,0.52,0.26,0,0.2,0.33,0,0.65,0,0.65,14,3.01,21.5,0.59,6.73,6.67,0.33,0,0,0.33,0.72,1.24,0.13,0,Matches
595,Szabolcs Schön\Szabolcs-Schon,hu HUN,FW,FC Dallas,20-344,2000,7.3,2.74,1.37,1.37,0.68,0.68,0.68,3.29,20.8,2.6,20,4.38,21.9,6.3,7.26,6.44,1.23,0,0,1.23,0.82,3.56,0.55,0,Matches
616,Kimarni Smith\Kimarni-Smith,eng ENG,FW,D.C. United,23-176,1998,1.1,1.82,1.82,0,0.91,0.91,0,0.91,0,0.91,21.8,8.18,37.5,0,6.36,15.5,0.91,0,0,0.91,0,1.82,0,0,Matches
618,Erik Sorga\Erik-Sorga,ee EST,FW,D.C. United,22-060,1999,2.8,0.36,0,0,0,0.36,0.36,0.36,100,0,22.1,5,22.6,1.07,8.21,12.9,0,0,0,0,0.36,0.71,0.71,0,Matches
620,Yeferson Soteldo\Yeferson-Soteldo,ve VEN,FW,Toronto FC,24-068,1997,13.4,0.6,0.45,0.15,0.3,0.15,0.07,1.19,6.3,1.12,13.1,3.36,25.6,2.39,5,5.75,0.52,0.07,0,0.45,0.82,1.42,0.15,0,Matches
639,Thiago\Thiago,br BRA,FW,NYCFC,20-310,2000,6.1,2.13,0.82,0.98,0.66,0.49,0.66,1.31,50,0.66,19.5,3.77,19.3,3.93,9.02,6.56,1.15,0,0,1.15,0.49,2.62,0.16,0,Matches
645,Erick Torres\Erick-Torres,mx MEX,FW,Atlanta Utd,28-230,1993,6.1,1.64,1.48,0.49,0.98,0.16,0.98,2.3,42.9,1.31,18.2,6.23,34.2,1.64,8.52,8.03,1.48,0.16,0,1.31,0.16,1.8,1.31,0,Matches
647,Dantouma Toure\Dantouma-Toure,gn GUI,FW,Colorado Rapids,17-086,2004,0,0,0,0,0,0,0,0,,0,2,0,0,0,0,2,0,0,0,0,0,0,0,0,Matches
648,Mason Toye\Mason-Toye,us USA,FW,CF Montréal,22-325,1998,9.9,0.81,0.51,0.1,0.51,0.2,0.3,0.81,37.5,0.51,16.5,3.13,19,1.01,7.27,8.18,0.61,0.1,0,0.51,0.4,1.21,0.61,0,Matches
657,Maximiliano Urruti\Maximiliano-Urruti,ar ARG,FW,Houston Dynamo,30-196,1991,17.9,0.89,0.5,0.06,0.45,0.39,0.11,1.01,11.1,0.89,19.6,5.64,28.9,0.95,6.93,11.7,0.78,0.06,0,0.73,0.22,1.12,0.11,0,Matches
666,Freddy Vargas\Freddy-Vargas,ve VEN,FW,FC Dallas,22-158,1999,5.7,1.4,1.23,0.18,0.7,0.53,0.18,1.05,16.7,0.88,18.1,6.32,35,3.51,6.32,8.25,0.88,0,0,0.88,1.58,2.98,0.35,0,Matches
667,Obed Vargas\Obed-Vargas,us USA,FW,Seattle,16-032,2005,0.8,2.5,1.25,2.5,0,0,1.25,1.25,100,0,13.8,1.25,9.1,8.75,3.75,1.25,1.25,0,0,1.25,1.25,3.75,0,0,Matches
669,Brandon Vazquez\Brandon-Vazquez,us USA,FW,FC Cincinnati,22-327,1998,3.1,1.94,1.29,0,0.97,0.97,0.97,1.61,60,0.65,23.9,6.13,25.7,1.29,11,11.6,1.29,0.32,0,0.97,0.65,2.58,1.94,0,Matches
671,Carlos Vela\Carlos-Vela,mx MEX,FW,Los Angeles FC,32-189,1989,13.1,0.99,0.69,0.31,0.38,0.31,0.38,0.69,55.6,0.31,10.3,3.21,31.1,1.22,4.27,4.81,0.84,0.15,0,0.69,0.46,1.45,0.31,0,Matches
685,Patrick Weah\Patrick-Weah,us USA,FW,Minnesota Utd,17-275,2003,0.2,0,0,0,0,0,0,0,,0,10,0,0,0,10,0,0,0,0,0,0,0,0,0,Matches
688,Brian White\Brian-White,us USA,FW,Vancouver,25-215,1996,11.4,0.53,0.18,0,0.26,0.26,0.18,1.23,14.3,1.05,18.9,4.39,23.3,0.96,8.16,9.74,1.14,0,0,1.14,0.26,0.79,0.88,0,Matches
689,Augustine Williams\Augustine-Williams,sl SLE,FW,LA Galaxy,24-034,1997,1,0,0,0,0,0,0,0,,0,24,3,12.5,1,7,16,1,0,0,1,1,1,0,0,Matches
699,Bradley Wright-Phillips\Bradley-Wright-Phillips,eng ENG,FW,Columbus Crew,36-178,1985,7,1.14,1,0,0.71,0.43,0,0.43,0,0.43,24,6.14,25.6,2.43,12,9.57,1.29,0.57,0,0.71,0.14,1.29,1.14,0,Matches
705,Gyasi Zardes\Gyasi-Zardes,us USA,FW,Columbus Crew,30-004,1991,11.7,0.17,0.09,0.09,0.09,0,0.09,0.34,25,0.26,15.8,4.36,27.6,1.79,6.41,7.61,0.94,0.34,0,0.6,0.43,0.6,0.77,0,Matches
8,Ifunanyachi Achara\Ifunanyachi-Achara,us USA,FWMF,Toronto FC,23-343,1997,3.4,0.59,0.29,0.29,0.29,0,0.29,2.65,11.1,2.35,19.7,3.82,19.4,6.47,5.29,7.94,1.76,0,0,1.76,1.47,2.06,0.88,0,Matches
14,Samuel Adeniran\Samuel-Adeniran,us USA,FWMF,Seattle,22-341,1998,0.7,1.43,0,0,1.43,0,1.43,1.43,100,0,24.3,2.86,11.8,2.86,14.3,7.14,1.43,0,0,1.43,0,1.43,1.43,0,Matches
17,Juan Agudelo\Juan-Agudelo,us USA,FWMF,Minnesota Utd,28-287,1992,2.3,0.43,0.43,0,0.43,0,0.43,1.3,33.3,0.87,17.4,3.48,20,2.17,5.65,9.57,0,0,0,0,0.43,0.87,0.43,0,Matches
20,Matheus Aiás\Matheus-Aias,br BRA,FWMF,Orlando City,24-249,1996,0.2,0,0,0,0,0,0,0,,0,20,5,25,0,15,5,0,0,0,0,0,0,0,0,Matches
27,Ignacio Aliseda\Ignacio-Aliseda,ar ARG,FWMF,Chicago Fire,21-176,2000,9.9,0.71,0.4,0.1,0.3,0.3,0.1,0.51,20,0.4,15.1,4.34,28.9,2.63,6.87,5.56,0.51,0,0,0.51,0.81,1.52,0.51,0,Matches
29,Jozy Altidore\Jozy-Altidore,us USA,FWMF,Toronto FC,31-304,1989,5.4,1.11,0.56,0.56,0.19,0.37,0.19,0.19,100,0,7.59,1.48,19.5,1.11,3.89,2.59,0.56,0,0,0.56,0,1.11,0.74,0,Matches
31,Efrain Alvarez\Efrain-Alvarez,mx MEX,FWMF,LA Galaxy,19-079,2002,8.3,1.08,0.84,0.36,0.24,0.48,0.36,1.08,33.3,0.72,19.5,5.42,27.8,4.34,8.8,6.39,0.6,0,0,0.6,0.96,2.05,0.24,0,Matches
39,Cristian Arango\Cristian-Arango,co COL,FWMF,Los Angeles FC,26-181,1995,3.7,1.08,0.81,0.27,0,0.81,0.27,0.81,33.3,0.54,16.8,3.24,19.4,2.43,4.59,9.73,0.81,0,0,0.81,0.81,1.89,0,0,Matches
42,Daniel Armando Ríos\Daniel-Armando-Rios,mx MEX,FWMF,Nashville,26-196,1995,1.6,0.63,0.63,0,0,0.63,0,1.25,0,1.25,15.6,5.63,36,1.25,8.13,6.25,0,0,0,0,0,0.63,0,0,Matches
44,Paul Arriola\Paul-Arriola,us USA,FWMF,D.C. United,26-213,1995,8.5,0.71,0.35,0.12,0.35,0.24,0.24,0.59,40,0.35,15.3,4.71,30.8,1.41,6.94,6.94,0.94,0,0,0.94,0.82,1.53,0.59,0,Matches
47,Dairon Asprilla\Dairon-Asprilla,co COL,FWMF,Portland Timbers,29-104,1992,13.6,0.88,0.74,0.59,0.22,0.07,0.22,1.32,16.7,1.1,17.5,4.34,24.8,5.22,7.5,4.78,0.81,0.22,0,0.59,1.1,1.99,0.44,0,Matches
48,Isaac Atanga\Isaac-Atanga,gh GHA,FWMF,FC Cincinnati,21-039,2000,7.2,1.39,0.97,0.42,0.83,0.14,0.42,1.11,37.5,0.69,17.5,4.03,23,4.44,7.08,5.97,0.97,0,0,0.97,1.25,2.64,0.14,0,Matches
61,Mateo Bajamich\Mateo-Bajamich,ar ARG,FWMF,Houston Dynamo,22-034,1999,1.5,0,0,0,0,0,0,3.33,0,3.33,19.3,2.67,13.8,2.67,7.33,9.33,1.33,0,0,1.33,0,0,0,0,Matches
64,Grayson Barber\Grayson-Barber,us USA,FWMF,Sporting KC,21-126,2000,0.9,2.22,2.22,1.11,0,1.11,1.11,2.22,50,1.11,13.3,5.56,41.7,2.22,2.22,8.89,0,0,0,0,0,2.22,1.11,0,Matches
66,Tom Barlow\Tom-Barlow,us USA,FWMF,NY Red Bulls,26-060,1995,3.8,0.53,0.53,0,0.53,0,0,0.26,0,0.26,32.6,9.47,29,3.16,10.5,18.9,1.32,0.26,0,1.05,0.26,0.79,1.05,0,Matches
68,Álvaro Barreal\Alvaro-Barreal,ar ARG,FWMF,FC Cincinnati,21-020,2000,17.5,1.54,0.91,0.86,0.46,0.23,0.69,2.57,26.7,1.89,20.2,5.03,24.9,6.34,8.91,4.91,2,0.23,0,1.77,0.57,2.11,0.8,0,Matches
69,Michael Barrios\Michael-Barrios,co COL,FWMF,Colorado Rapids,30-138,1991,16.3,1.04,0.49,0.12,0.37,0.55,0.31,1.23,25,0.92,15.7,3.13,19.9,1.9,6.99,6.81,0.74,0,0,0.74,0.61,1.66,0.31,0,Matches
79,Nicolas Benezet\Nicolas-Benezet,fr FRA,FWMF,Colorado Rapids,30-194,1991,3.2,1.56,1.25,0.31,0.94,0.31,0.63,2.81,22.2,2.19,14.7,4.06,27.7,2.81,7.19,4.69,1.25,0,0,1.25,0.31,1.88,0,0,Matches
80,Nicolas Benezet\Nicolas-Benezet,fr FRA,FWMF,Seattle,30-194,1991,1.2,0,0,0,0,0,0,1.67,0,1.67,15.8,3.33,21.1,4.17,5.83,5.83,0.83,0,0,0.83,0.83,0.83,0,0,Matches
111,Tajon Buchanan\Tajon-Buchanan,ca CAN,FWMF,New England,22-210,1999,12.4,1.85,1.13,0.73,0.97,0.16,0.32,1.13,28.6,0.81,17.4,4.44,25.5,4.84,6.37,6.21,1.69,0,0,1.69,1.45,3.31,0.81,0,Matches
113,Teal Bunbury\Teal-Bunbury,us USA,FWMF,New England,31-191,1990,8.4,1.31,0.83,0.71,0.36,0.24,0.36,1.31,27.3,0.95,16.7,5.12,30.7,5,7.02,4.64,1.07,0.12,0,0.95,1.19,2.5,2.26,0,Matches
115,Cory Burke\Cory-Burke,jm JAM,FWMF,Philadelphia,29-252,1991,9.7,2.16,1.13,0.52,1.13,0.52,0.31,0.93,33.3,0.62,18.2,4.74,26,1.86,8.14,8.25,0.62,0,0,0.62,0.41,2.58,1.13,0,Matches
120,Kevin Cabral\Kevin-Cabral,fr FRA,FWMF,LA Galaxy,22-058,1999,15.4,0.91,0.52,0.19,0.32,0.39,0.39,1.36,28.6,0.97,17.1,4.22,24.6,2.86,7.99,6.3,0.91,0.13,0,0.78,1.43,2.34,0.19,0,Matches
122,Deiber Caicedo\Deiber-Caicedo,co COL,FWMF,Vancouver,21-165,2000,19.3,0.83,0.67,0.47,0.21,0.16,0.16,1.04,15,0.88,18,3.63,20.1,3.99,8.08,5.96,1.19,0.16,0,1.04,1.61,2.44,0.21,0,Matches
133,Julián Carranza\Julian-Carranza,ar ARG,FWMF,Inter Miami,21-107,2000,5,2.6,1.6,0.2,1.4,1,0.2,1,20,0.8,35.4,7.2,20.3,1.6,20.4,13.4,0.6,0.2,0,0.4,1.8,4.4,0.4,0,Matches
148,Yimmi Chará\Yimmi-Chara,co COL,FWMF,Portland Timbers,30-157,1991,15.1,1.13,1.06,0.26,0.66,0.2,0.46,0.99,46.7,0.53,14,4.44,31.8,3.77,5.7,4.5,0.66,0.07,0,0.6,1.46,2.58,0.46,0,Matches
157,Elliot Collier\Elliot-Collier,nz NZL,FWMF,Chicago Fire,26-196,1995,3.3,1.21,1.21,0.61,0.3,0.3,0.61,0.91,66.7,0.3,15.2,3.94,26,3.94,5.45,5.76,2.12,0.3,0,1.82,1.21,2.42,1.82,0,Matches
168,Cristián Dajome\Cristian-Dajome,co COL,FWMF,Vancouver,27-246,1994,19.6,1.68,0.92,0.51,0.82,0.36,0.56,1.33,42.3,0.77,16,4.23,26.4,3.52,7.45,5.05,1.07,0.15,0,0.92,0.92,2.6,0.46,0,Matches
170,Abu Danladi\Abu-Danladi,gh GHA,FWMF,Nashville,25-323,1995,0.7,1.43,0,0,0,1.43,0,0,,0,44.3,8.57,19.4,5.71,15.7,22.9,1.43,0,0,1.43,1.43,2.86,0,0,Matches
173,Matheus Davó\Matheus-Davo,br BRA,FWMF,Philadelphia,22-021,1999,0.2,0,0,0,0,0,0,0,,0,15,0,0,0,10,5,0,0,0,0,0,0,0,0,Matches
180,Silvester van der Water\Silvester-van-der-Water,nl NED,FWMF,Orlando City,24-341,1996,7.9,1.9,1.27,0.63,0.76,0.51,0.76,2.15,35.3,1.39,18,3.54,19.7,4.81,8.61,4.56,1.52,0.13,0,1.39,1.14,3.04,0.13,0,Matches
190,Cecilio Domínguez\Cecilio-Dominguez,py PAR,FWMF,Austin FC,27-026,1994,18.5,1.3,0.92,0.38,0.27,0.65,0.11,1.03,10.5,0.92,16.4,4.59,28,2.27,5.95,8.22,0.97,0.22,0,0.76,0.38,1.68,0.27,0,Matches
192,Griffin Dorsey\Griffin-Dorsey,us USA,FWMF,Houston Dynamo,22-185,1999,6.6,1.67,0.76,0.61,0.61,0.45,0.3,1.06,28.6,0.76,14.5,3.64,25,4.24,4.39,5.91,0.76,0,0,0.76,0.61,2.27,1.06,0,Matches
199,Cameron Dunbar\Cameron-Dunbar,us USA,FWMF,LA Galaxy,18-319,2002,3.3,1.21,0.91,0.91,0,0.3,0.3,3.03,10,2.73,22.7,5.76,25.3,9.09,6.67,6.97,2.12,0,0,2.12,0,1.21,1.21,0,Matches
204,Jeremy Ebobisse\Jeremy-Ebobisse,us USA,FWMF,Portland Timbers,24-204,1997,10.5,0.67,0.29,0.19,0.19,0.29,0.29,0.95,30,0.67,10.2,1.24,12.1,0.76,4.19,5.24,0.67,0.1,0,0.57,0.57,1.24,1.14,0,Matches
210,Kalil ElMedkhar\Kalil-ElMedkhar,us USA,FWMF,FC Dallas,22-019,1999,1.4,1.43,0.71,1.43,0,0,0,0,,0,22.1,1.43,6.5,8.57,8.57,5,2.86,0.71,0,2.14,3.57,5,2.14,0,Matches
211,Tsubasa Endoh\Tsubasa-Endoh,jp JPN,FWMF,Toronto FC,28-017,1993,4.8,1.46,1.25,0.42,0.83,0.21,0.83,1.88,44.4,1.04,27.3,6.67,24.4,7.29,11.9,8.13,2.29,0.21,0,2.08,1.67,3.13,1.04,0,Matches
213,Cristian Espinoza\Cristian-Espinoza,ar ARG,FWMF,San Jose,26-156,1995,18.3,1.48,0.87,0.6,0.55,0.33,0.38,1.58,24.1,1.2,15,3.5,23.3,3.11,6.78,5.14,1.04,0.11,0,0.93,1.69,3.17,0.27,0,Matches
217,Derrick Etienne\Derrick-Etienne,ht HAI,FWMF,Columbus Crew,24-285,1996,11.4,1.58,1.05,0.79,0.35,0.44,0.79,1.75,45,0.96,19.1,5,26.1,4.3,9.47,5.35,0.7,0.09,0,0.61,1.14,2.72,0.7,0,Matches
226,Carlos Fierro\Carlos-Fierro,mx MEX,FWMF,San Jose,27-044,1994,7.8,0.9,0.38,0.64,0.13,0.13,0.26,2.18,11.8,1.92,10.4,2.95,28.4,3.33,4.49,2.56,1.15,0.13,0,1.03,0.9,1.79,0.51,0,Matches
233,Edison Flores\Edison-Flores,pe PER,FWMF,D.C. United,27-115,1994,8.3,1.2,0.72,0.36,0.48,0.36,0.24,1.81,13.3,1.57,18.1,4.46,24.7,2.29,7.71,8.07,0.84,0,0,0.84,0.48,1.69,0.24,0,Matches
240,Przemys?aw Frankowski\Przemyslaw-Frankowski,pl POL,FWMF,Chicago Fire,26-147,1995,11.8,2.12,0.76,1.19,0.59,0.34,0.93,3.56,26.2,2.63,23.8,6.02,25.3,6.19,10,7.63,1.36,0.17,0,1.19,0.93,3.05,0.59,0,Matches
246,Jon Gallagher\Jon-Gallagher,ie IRL,FWMF,Austin FC,25-195,1996,10.8,0.65,0.28,0.37,0,0.28,0.28,1.11,25,0.83,14.8,3.24,21.9,2.69,6.48,5.65,0.83,0,0,0.83,0.19,0.83,0.65,0,Matches
268,Samuel Grandsir\Samuel-Grandsir,fr FRA,FWMF,LA Galaxy,25-023,1996,16,2.13,1.13,1.19,0.75,0.19,0.88,2.56,34.1,1.69,19.1,4.06,21.2,5.56,8.13,5.44,0.75,0.06,0,0.69,1.06,3.19,0.63,0,Matches
276,Brian Gutiérrez\Brian-Gutierrez,us USA,FWMF,Chicago Fire,18-081,2003,4.5,2,1.11,0.44,0.67,0.89,0.44,1.11,40,0.67,22.9,7.56,33,5.11,8.44,9.33,2.22,0.44,0,1.78,1.33,3.33,0.44,0,Matches
286,Siad Haji\Siad-Haji,so SOM,FWMF,San Jose,21-279,1999,0.5,2,0,0,2,0,0,2,0,2,16,2,12.5,4,8,4,0,0,0,0,0,2,0,0,Matches
314,Erik Hurtado\Erik-Hurtado,us USA,FWMF,Columbus Crew,30-295,1990,2.9,1.38,1.03,0.69,0.69,0,0.69,0.69,100,0,16.2,3.79,23.4,2.76,6.21,7.24,0.34,0,0,0.34,1.38,2.76,1.03,0,Matches
320,Sunusi Ibrahim\Sunusi-Ibrahim,ng NGA,FWMF,CF Montréal,18-340,2002,5.4,0.93,0.93,0.37,0.56,0,0,0.93,0,0.93,22.6,6.67,29.5,3.52,8.33,10.7,0.56,0,0,0.56,0.37,1.3,0.37,0,Matches
341,Anderson Julio\Anderson-Julio,ec ECU,FWMF,Real Salt Lake,25-098,1996,7.9,1.01,0.51,0.51,0.38,0.13,0.38,2.41,15.8,2.03,22.8,3.8,16.7,5.19,10.1,7.47,0.76,0.13,0,0.63,1.01,2.03,0.25,0,Matches
359,Edward Kizza\Edward-Kizza,ug UGA,FWMF,New England,22-263,1998,1.8,2.22,1.11,0.56,0.56,1.11,0.56,2.22,25,1.67,25,8.89,35.6,6.67,7.22,11.1,2.22,0,0,2.22,0,2.22,0.56,0,Matches
376,Ariel Lassiter\Ariel-Lassiter,cr CRC,FWMF,Houston Dynamo,26-344,1994,3.8,0.79,0.79,0,0.26,0.53,0.26,0.26,100,0,17.9,3.68,20.6,1.32,8.42,8.16,1.05,0,0,1.05,0.26,1.05,0,0,Matches
388,Jürgen Locadia\Jurgen-Locadia,nl NED,FWMF,FC Cincinnati,27-303,1993,4,2.5,1.25,1,1,0.5,0.5,1.25,40,0.75,17,3.5,20.6,4.25,6,6.75,2.75,1.25,0,1.5,1.5,4,2,0,Matches
393,Erik López\Erik-Lopez,py PAR,FWMF,Atlanta Utd,19-283,2001,9.7,0.82,0.52,0.31,0.21,0.31,0.21,0.82,25,0.62,15.4,3.2,20.8,3.09,6.8,5.46,0.41,0,0,0.41,1.03,1.86,0.21,0,Matches
396,Marvin Loría\Marvin-Loria,cr CRC,FWMF,Portland Timbers,24-135,1997,10.7,1.12,0.75,0.37,0.28,0.47,0.56,1.03,54.5,0.47,16.7,3.27,19.6,4.11,7.2,5.42,1.21,0.37,0,0.84,2.43,3.55,0.56,0.19,Matches
405,Talles Magno\Talles-Magno,br BRA,FWMF,NYCFC,19-072,2002,1.6,3.75,0,1.25,2.5,0,0.63,1.25,50,0.63,23.1,6.25,27,1.88,11.3,10,0.63,0,0,0.63,1.25,5,1.25,0,Matches
408,Kekuta Manneh\Kekuta-Manneh,us USA,FWMF,Austin FC,26-250,1994,3.3,1.82,0.91,0.61,1.21,0,0.3,3.03,10,2.73,17,4.85,28.6,5.76,6.36,4.85,0.91,0,0,0.91,0.61,2.42,0,0,Matches
412,Jahkeele Marshall-Rutty\Jahkeele-Marshall-Rutty,ca CAN,FWMF,Toronto FC,17-082,2004,0.4,12.5,10,10,2.5,0,5,7.5,66.7,2.5,30,17.5,58.3,22.5,5,2.5,0,0,0,0,2.5,15,0,0,Matches
418,Alexandru M??an\Alexandru-Matan,ro ROU,FWMF,Columbus Crew,22-008,1999,7,1.43,0.57,0.86,0.29,0.29,0.57,1.86,30.8,1.29,23,3.86,16.8,9,8.71,5.29,1.57,0.29,0,1.29,1.29,2.71,0.14,0,Matches
429,Justin McMaster\Justin-McMaster,jm JAM,FWMF,Minnesota Utd,22-068,1999,1.5,2.67,2.67,2,0.67,0,0.67,1.33,50,0.67,16,5.33,33.3,6,6,4,0.67,0,0,0.67,1.33,4,0,0,Matches
431,Jesús Medina\Jesus-Medina,py PAR,FWMF,NYCFC,24-129,1997,16.4,1.22,0.55,0.24,0.67,0.3,0.43,1.77,24.1,1.34,17.8,5.06,28.4,2.68,8.29,6.83,1.71,0.12,0,1.59,0.55,1.77,0.43,0,Matches
439,Justin Meram\Justin-Meram,iq IRQ,FWMF,Real Salt Lake,32-276,1988,10.4,1.73,0.77,1.15,0.38,0.19,0.67,2.31,29.2,1.63,17.1,4.33,25.3,6.15,7.21,3.75,1.35,0,0,1.35,1.92,3.65,0.58,0,Matches
443,Benji Michel\Benji-Michel,us USA,FWMF,Orlando City,23-318,1997,13.8,0.87,0.43,0.14,0.43,0.29,0.29,0.72,40,0.43,15.9,3.99,25.1,4.13,6.16,5.58,1.16,0,0,1.16,0.87,1.74,0.43,0,Matches
449,Kevin Molino\Kevin-Molino,tt TRI,FWMF,Columbus Crew,31-081,1990,6.4,1.56,1.09,0.63,0.63,0.31,0.78,1.72,45.5,0.94,18.8,5.16,27.5,4.69,8.28,5.78,1.25,0,0,1.25,1.88,3.44,0.31,0,Matches
451,Fredy Montero\Fredy-Montero,co COL,FWMF,Seattle,34-042,1987,9.2,1.96,1.41,0.65,0.76,0.54,0.65,2.07,31.6,1.41,17.6,4.02,22.8,2.72,9.67,5.22,0.98,0.33,0,0.65,0.87,2.83,0.87,0,Matches
465,Chris Mueller\Chris-Mueller,us USA,FWMF,Orlando City,25-008,1996,14,1.14,0.5,0.64,0.36,0.14,0.21,2.29,9.4,2.07,17,3.29,19.3,4.5,7.79,4.71,1.29,0.14,0,1.14,0.64,1.79,0.43,0,Matches
466,Hany Mukhtar\Hany-Mukhtar,de GER,FWMF,Nashville,26-169,1995,18.1,1.38,0.83,0.44,0.72,0.22,0.44,1.6,27.6,1.16,22.9,4.53,19.8,2.49,13.1,7.29,0.66,0.06,0,0.61,0.55,1.93,0.22,0,Matches
467,Patrick Mullins\Patrick-Mullins,us USA,FWMF,Toronto FC,29-213,1992,5.5,0.91,0.73,0.36,0.18,0.36,0.18,0.55,33.3,0.36,15.3,3.45,22.6,2.55,4.73,8,0.55,0,0,0.55,0.36,1.27,0.91,0,Matches
475,Nani\Nani,pt POR,FWMF,Orlando City,34-293,1986,14.1,0.92,0.43,0.85,0.07,0,0.14,1.42,10,1.28,15.5,4.11,26.6,2.7,7.59,5.18,0.64,0.07,0,0.57,0.64,1.56,1.06,0,Matches
479,Jayden Nelson\Jayden-Nelson,ca CAN,FWMF,Toronto FC,18-345,2002,1.3,0,0,0,0,0,0,3.08,0,3.08,37.7,7.69,20.4,10.8,15.4,11.5,5.38,0,0,5.38,0,0,0,0,Matches
487,Jáder Obrian\Jader-Obrian,co COL,FWMF,FC Dallas,26-111,1995,14.9,1.34,1.07,0.81,0.34,0.2,0.6,1.61,37.5,1.01,17.4,5.17,29.6,4.63,6.78,6.04,1.74,0.13,0,1.61,0.4,1.74,0.13,0,Matches
494,Jonathan Osorio\Jonathan-Osorio,ca CAN,FWMF,Toronto FC,29-086,1992,8.9,1.57,1.01,0.79,0.79,0,0.45,1.46,30.8,1.01,22.1,6.18,27.9,5.17,10.4,6.52,1.46,0.11,0,1.35,0.45,2.02,0.22,0,Matches
512,Adrien Perez\Adrien-Perez,us USA,FWMF,D.C. United,25-328,1995,8.1,1.48,1.11,0.74,0.62,0.12,0.25,1.36,18.2,1.11,23.5,6.42,27.4,5.31,9.01,9.14,1.11,0.25,0,0.86,0.86,2.35,0.62,0,Matches
514,Manny Perez\Manny-Perez,us USA,FWMF,Austin FC,22-199,1999,3.7,1.35,1.08,0,0.81,0.54,0,0.27,0,0.27,19.5,5.41,27.8,2.97,6.49,10,0.27,0,0,0.27,1.35,2.7,0.81,0,Matches
517,Fafà Picault\Fafa-Picault,us USA,FWMF,Houston Dynamo,30-195,1991,18.7,1.12,0.64,0.43,0.37,0.32,0.21,0.53,40,0.32,17.4,4.6,26.4,3.37,6.1,7.97,1.76,0.27,0,1.5,1.12,2.25,1.28,0,Matches
522,Rodolfo Pizarro\Rodolfo-Pizarro,mx MEX,FWMF,Inter Miami,27-203,1994,9.1,1.65,0.66,0.44,0.77,0.44,0.33,0.99,33.3,0.66,18.2,4.62,25.3,3.3,7.8,7.14,0.22,0,0,0.22,0.88,2.53,0.22,0,Matches
524,Andy Polo\Andy-Polo,pe PER,FWMF,Portland Timbers,26-342,1994,2,2.5,1.5,1.5,0.5,0.5,1,1.5,66.7,0.5,20.5,6,29.3,8.5,8.5,3.5,1.5,0.5,0,1,0.5,3,0.5,0,Matches
526,Paxton Pomykal\Paxton-Pomykal,us USA,FWMF,FC Dallas,21-263,1999,9.6,2.5,1.88,1.15,0.83,0.52,0.94,2.19,42.9,1.25,20.1,5.42,26.9,6.67,8.33,5.1,0.94,0,0,0.94,1.56,4.06,0.94,0.1,Matches
540,Darwin Quintero\Darwin-Quintero,co COL,FWMF,Houston Dynamo,33-352,1987,2.7,1.85,1.11,0,1.48,0.37,0.37,1.11,33.3,0.74,21.9,6.67,30.5,5.19,9.63,7.04,0.74,0,0,0.74,1.11,2.96,0.37,0,Matches
548,Rodney Redes\Rodney-Redes,py PAR,FWMF,Austin FC,21-196,2000,5.6,0.89,0.18,0.71,0.18,0,0.54,1.07,50,0.54,19.1,3.39,17.8,5.18,5.89,8.04,1.43,0,0,1.43,0.71,1.61,1.07,0,Matches
552,Yordy Reyna\Yordy-Reyna,pe PER,FWMF,D.C. United,27-354,1993,6.6,0.76,0.45,0.15,0.3,0.3,0.15,1.06,14.3,0.91,11.4,2.58,22.7,2.42,5.3,3.64,1.21,0,0,1.21,1.36,2.12,0.45,0,Matches
558,Andrés Ríos\Andres-Rios,ar ARG,FWMF,San Jose,32-036,1989,6.2,1.61,1.45,0.81,0.48,0.32,0.81,1.61,50,0.81,15.8,3.71,23.5,2.42,9.03,4.35,0.65,0,0,0.65,0.81,2.42,0.32,0,Matches
560,Nigel Robertha\Nigel-Robertha,nl NED,FWMF,D.C. United,23-205,1998,5,1,0.6,0.2,0.6,0.2,0.2,0.6,33.3,0.4,15.8,6.8,43,0.6,8.6,6.6,0.2,0.2,0,0,0.4,1.4,0,0,Matches
562,Robbie Robinson\Robbie-Robinson,us USA,FWMF,Inter Miami,22-263,1998,8.2,1.71,0.85,0.85,0.49,0.37,0.85,1.46,58.3,0.61,19.1,4.51,23.6,4.88,8.41,5.85,0.37,0,0,0.37,0.85,2.56,0.24,0,Matches
564,Brian Rodríguez\Brian-Rodriguez,uy URU,FWMF,Los Angeles FC,21-109,2000,4,0.75,0.5,0,0.25,0.5,0,1,0,1,15,4.5,30,2.25,5,7.75,1,0.25,0,0.75,1.25,2,0,0,Matches
566,Santiago Rodríguez\Santiago-Rodriguez,uy URU,FWMF,NYCFC,21-241,2000,4.5,2.44,2.22,0.67,0.89,0.89,0,1.78,0,1.78,28.2,6.89,24.4,8,11.8,8.44,2.44,0.22,0,2.22,1.11,3.56,1.56,0,Matches
579,Daniel Royer\Daniel-Royer,at AUT,FWMF,NY Red Bulls,31-107,1990,4.4,2.05,0.68,0.23,1.14,0.68,0.23,0.45,50,0.23,17.5,4.77,27.3,0.91,8.64,7.95,0.68,0,0,0.68,0.45,2.5,0.45,0,Matches
585,Albert Rusnák\Albert-Rusnak,sk SVK,FWMF,Real Salt Lake,27-061,1994,21.8,0.64,0.41,0.37,0.14,0.14,0.18,0.73,25,0.55,12,2.75,23,3.12,5.92,2.94,0.55,0.09,0,0.46,0.55,1.19,0.46,0,Matches
596,Dante Sealy\Dante-Sealy,us USA,FWMF,FC Dallas,18-142,2003,0.8,0,0,0,0,0,0,0,,0,23.8,2.5,10.5,6.25,13.8,3.75,2.5,0,0,2.5,0,0,0,0,Matches
603,Jacob Shaffelburg\Jacob-Shaffelburg,ca CAN,FWMF,Toronto FC,21-284,1999,3.9,0.51,0.26,0,0.51,0,0.26,1.79,14.3,1.54,25.1,5.64,22.4,3.08,9.74,12.3,0.77,0,0,0.77,1.79,2.31,0.51,0,Matches
606,Khiry Shelton\Khiry-Shelton,us USA,FWMF,Sporting KC,28-072,1993,15.4,1.43,0.91,0.39,0.45,0.58,0.45,1.1,41.2,0.65,21.4,5.78,27.1,3.05,8.83,9.48,0.71,0.13,0,0.58,0.52,1.95,0.39,0,Matches
607,Andre Shinyashiki\Andre-Shinyashiki,br BRA,FWMF,Colorado Rapids,26-087,1995,11.5,2,1.13,0.87,0.7,0.43,0.61,2,30.4,1.39,24.9,6.35,25.5,5.91,10.4,8.52,1.22,0.09,0,1.13,1.04,3.04,1.04,0.09,Matches
627,Jared Stroud\Jared-Stroud,us USA,FWMF,Austin FC,25-058,1996,9.7,1.44,1.13,0.52,0.72,0.21,0.62,2.58,24,1.96,24.1,6.08,25.2,6.29,10.3,7.53,1.86,0,0,1.86,0.72,2.16,0.21,0,Matches
633,Ismael Tajouri-Shradi\Ismael-Tajouri-Shradi,ly LBY,FWMF,NYCFC,27-162,1994,11.1,0.99,0.45,0.18,0.45,0.36,0.27,1.17,23.1,0.9,15,4.95,32.9,3.06,6.04,5.95,1.08,0.09,0,0.99,0.72,1.71,0.36,0,Matches
646,Joaquín Torres\Joaquin-Torres,ar ARG,FWMF,CF Montréal,24-221,1997,9.7,1.03,0.21,0.21,0.62,0.21,0.31,1.44,21.4,1.13,16.2,3.81,23.6,2.68,7.01,6.49,0.62,0,0,0.62,0.72,1.75,0.21,0,Matches
664,Florian Valot\Florian-Valot,fr FRA,FWMF,FC Cincinnati,28-206,1993,2,1,0,0.5,0.5,0,1,4.5,22.2,3.5,21,4,19,8,10,3,2.5,0,0,2.5,2.5,3.5,3.5,0,Matches
668,Indiana Vassilev\Indiana-Vassilev,us USA,FWMF,Inter Miami,20-202,2001,3.2,0.31,0,0.31,0,0,0,1.25,0,1.25,21.6,5.31,24.6,5.63,10.3,5.63,0.94,0,0,0.94,0.31,0.63,0.31,0,Matches
696,Chris Wondolowski\Chris-Wondolowski,us USA,FWMF,San Jose,38-221,1983,8.4,0.83,0.24,0.12,0.6,0.12,0.24,0.6,40,0.36,11.2,2.26,20.2,0.71,5.36,5.12,0.24,0.12,0,0.12,0.48,1.31,0.6,0,Matches
697,Bobby Wood\Bobby-Wood,us USA,FWMF,Real Salt Lake,28-295,1992,5.5,0.55,0,0.18,0.18,0.18,0.18,0.73,25,0.55,11.3,2.73,24.2,0.36,4.91,6,0.55,0,0,0.55,0.18,0.73,1.27,0,Matches
711,Ethan Zubak\Ethan-Zubak,us USA,FWMF,LA Galaxy,23-144,1998,7.2,1.11,0.14,0.56,0.28,0.28,0.56,2.08,26.7,1.53,20.7,4.58,22.1,2.08,10.1,8.47,0.28,0.14,0,0.14,1.53,2.64,0.28,0,Matches
